Time, X Position, Y Position, Z Position, GSR
0.0021103,749,404.47,1795,41
0.0042206,749,404.47,1795,41
0.0242206,749,404.47,1795,41
0.0440429,749,404.47,1795,41
0.0608942,749,404.47,1795,41
0.0774151,749,404.47,1795,41
0.09440351,749,404.47,1795,41
0.1104041,749,404.47,1795,41
0.1268782,749,404.47,1795,41
0.1434446,749,404.47,1795,41
0.1600902,749,404.47,1795,41
0.1765776,749,404.47,1795,41
0.1931438,749,404.47,1795,41
0.2097103,749,404.47,1795,41
0.2265981,749,404.47,1795,41
0.2428439,749,404.47,1795,41
0.2595973,749,404.47,1795,41
0.2759779,749,404.47,1795,41
0.2926003,749,404.47,1795,41
0.3095985,749,404.47,1795,41
0.3256772,749,404.47,1795,41
0.3425978,749,404.47,1795,41
0.3588104,749,404.47,1795,41
0.3753777,749,404.47,1795,41
0.3923076,749,404.47,1795,41
0.4088349,749,404.47,1795,41
0.4250774,749,404.47,1795,41
0.4418336,749,404.47,1795,41
0.4588316,749,404.47,1795,41
0.4748318,749,404.47,1795,41
0.491344,749,404.47,1795,41
0.5079104,749,404.47,1795,41
0.5244773,749,404.47,1795,41
0.5418349,749,404.47,1795,41
0.5576102,749,404.47,1795,41
0.5748315,749,404.47,1795,41
0.5908346,749,404.47,1795,41
0.6073108,749,404.47,1795,41
0.6238773,749,404.47,1795,41
0.6404446,749,404.47,1795,41
0.6570115,749,404.47,1795,41
0.6738324,749,404.47,1795,41
0.6901446,749,404.47,1795,41
0.7068389,749,404.47,1795,41
0.7232775,749,404.47,1795,41
0.7398444,749,404.47,1795,41
0.7564128,749,404.47,1795,41
0.7729776,749,404.47,1795,41
0.7895447,749,404.47,1795,41
0.8068333,749,404.47,1795,41
0.8226779,749,404.47,1795,41
0.8392437,749,404.47,1795,41
0.8558341,749,404.47,1795,41
0.8723776,749,404.47,1795,41
0.888944,749,404.47,1795,41
0.9058309,749,404.47,1795,41
0.922079,749,404.47,1795,41
0.938832,749,404.47,1795,41
0.955834,749,404.47,1795,41
0.9718317,749,404.47,1795,41
0.9888326,749,404.47,1795,41
1.00491,749,404.47,1795,41
1.021833,749,404.47,1795,41
1.038044,749,404.47,1795,41
1.054835,749,404.47,1795,41
1.071178,749,404.47,1795,41
1.087832,749,404.47,1795,41
1.104311,749,404.47,1795,41
1.120877,749,404.47,1795,41
1.137447,749,404.47,1795,41
1.154011,749,404.47,1795,41
1.170832,749,404.47,1795,41
1.187832,749,404.47,1795,41
1.203839,749,404.47,1795,41
1.220279,749,404.47,1795,41
1.236845,749,404.47,1795,41
1.253835,749,404.47,1795,41
1.269977,749,404.47,1795,41
1.286544,749,404.47,1795,41
1.303111,749,404.47,1795,41
1.319832,749,404.47,1795,41
1.336243,749,404.47,1795,41
1.352831,749,404.47,1795,41
1.369377,749,404.47,1795,41
1.385944,749,404.47,1795,41
1.402511,749,404.47,1795,41
1.419078,749,404.47,1795,41
1.435832,749,404.47,1795,41
1.452831,749,404.47,1795,41
1.46883,749,404.47,1795,41
1.485344,749,404.47,1795,41
1.501911,749,404.47,1795,41
1.518478,749,404.47,1795,41
1.535044,749,404.47,1795,41
1.551611,749,404.47,1795,41
1.568177,749,404.47,1795,41
1.584831,749,404.47,1795,41
1.601831,749,404.47,1795,41
1.617877,749,404.47,1795,41
1.634443,749,404.47,1795,41
1.65101,749,404.47,1795,41
1.667577,749,404.47,1795,41
1.684143,749,404.47,1795,41
1.700833,749,404.47,1795,41
1.717831,749,404.47,1795,42
1.733844,749,404.47,1795,42
1.750413,749,404.47,1795,42
1.766978,749,404.47,1795,42
1.78383,749,404.47,1795,42
1.800112,749,404.47,1795,42
1.816677,749,404.47,1795,42
1.83383,749,404.47,1795,42
1.849832,749,404.47,1795,42
1.866377,749,404.47,1795,42
1.882944,749,404.47,1795,42
1.89983,749,404.47,1795,42
1.916077,749,404.47,1795,42
1.93283,749,404.47,1795,42
1.949831,749,404.47,1795,42
1.965829,749,404.47,1795,42
1.982343,749,404.47,1795,42
1.99891,749,404.47,1795,42
2.015832,749,404.47,1795,42
2.032043,749,404.47,1795,42
2.048876,749,404.47,1795,42
2.065177,749,404.47,1795,42
2.081743,749,404.47,1795,42
2.098311,749,404.47,1795,42
2.114877,749,404.47,1795,42
2.131443,749,404.47,1795,42
2.148011,749,404.47,1795,42
2.16483,749,404.47,1795,42
2.181143,749,404.47,1795,42
2.197834,749,404.47,1795,42
2.21483,749,404.47,1795,42
2.230844,749,404.47,1795,42
2.247839,749,404.47,1795,42
2.263977,749,404.47,1795,42
2.280543,749,404.47,1795,42
2.297111,749,404.47,1795,42
2.313838,749,404.47,1795,42
2.330243,749,404.47,1795,42
2.34683,749,404.47,1795,42
2.363377,749,404.47,1795,42
2.379944,749,404.47,1795,42
2.396511,749,404.47,1795,42
2.413831,749,404.47,1795,42
2.42983,749,404.47,1795,42
2.44621,749,404.47,1795,42
2.462838,749,404.47,1795,42
2.479344,749,404.47,1795,42
2.495911,749,404.47,1795,42
2.512834,749,404.47,1795,42
2.529831,749,404.47,1795,42
2.545609,749,404.47,1795,42
2.562176,749,404.47,1795,42
2.578833,749,404.47,1795,42
2.595311,749,404.47,1795,42
2.611876,749,404.47,1795,42
2.628833,749,404.47,1795,42
2.64501,749,404.47,1795,42
2.661576,749,404.47,1795,42
2.678143,749,404.47,1795,43
2.694829,749,404.47,1795,43
2.711276,749,404.47,1795,43
2.727843,749,404.47,1795,43
2.74441,749,404.47,1795,43
2.760983,749,404.47,1795,43
2.777837,749,404.47,1795,43
2.794112,749,404.47,1795,43
2.810833,749,404.47,1795,43
2.827833,749,404.47,1795,43
2.84383,749,404.47,1795,43
2.860829,749,404.47,1795,43
2.876943,749,404.47,1795,43
2.893829,749,404.47,1795,43
2.910076,749,404.47,1795,43
2.926828,749,404.47,1795,43
2.943209,749,404.47,1795,43
2.959831,749,404.47,1795,43
2.976828,749,404.47,1795,43
2.99291,749,404.47,1795,43
3.009826,749,404.47,1795,43
3.026827,749,404.47,1795,43
3.042609,749,404.47,1795,43
3.059175,749,404.47,1795,43
3.075829,749,404.47,1795,43
3.092831,749,404.47,1795,43
3.108876,749,404.47,1795,43
3.125828,749,404.47,1795,43
3.142009,749,404.47,1795,43
3.158576,749,404.47,1795,43
3.175827,749,404.47,1795,43
3.191828,749,404.47,1795,43
3.208831,749,404.47,1795,43
3.224842,749,404.47,1795,43
3.24183,749,404.47,1795,43
3.257976,749,404.47,1795,43
3.274829,749,404.47,1795,43
3.291828,749,404.47,1795,43
3.307826,749,404.47,1795,43
3.324826,749,404.47,1795,43
3.340837,749,404.47,1795,43
3.357376,749,404.47,1795,43
3.373942,749,404.47,1795,43
3.390828,749,404.47,1795,43
3.407076,749,404.47,1795,43
3.423643,749,404.47,1795,43
3.440209,749,404.47,1795,43
3.456826,749,404.47,1795,43
3.473343,749,404.47,1795,43
3.48991,749,404.47,1795,43
3.50683,749,404.47,1795,43
3.523829,749,404.47,1795,43
3.539828,749,404.47,1795,43
3.556828,749,404.47,1795,43
3.572833,749,404.47,1795,43
3.589309,749,404.47,1795,43
3.605875,749,404.47,1795,43
3.622442,749,404.47,1795,43
3.63901,749,404.47,1795,43
3.655828,749,404.47,1795,43
3.672142,749,404.47,1795,43
3.688835,749,404.47,1795,43
3.705277,749,404.47,1795,43
3.721842,749,404.47,1795,43
3.738409,749,404.47,1795,43
3.754977,749,404.47,1795,43
3.771829,749,404.47,1795,43
3.788109,749,404.47,1795,43
3.804677,749,404.47,1795,43
3.821243,749,404.47,1795,43
3.837827,749,404.47,1795,43
3.854827,749,404.47,1795,43
3.870943,749,404.47,1795,43
3.88783,749,404.47,1795,43
3.904076,749,404.47,1795,43
3.920829,749,404.47,1795,43
3.937209,749,404.47,1795,43
3.953827,749,404.47,1795,43
3.970344,749,404.47,1795,43
3.98691,749,404.47,1795,43
4.003828,749,404.47,1795,44
4.020827,749,404.47,1795,44
4.036827,749,404.47,1795,44
4.053176,749,404.47,1795,44
4.069827,749,404.47,1795,44
4.086828,749,404.47,1795,44
4.102876,749,404.47,1795,44
4.119827,749,404.47,1795,44
4.136829,749,404.47,1795,44
4.152577,749,404.47,1795,44
4.169144,749,404.47,1795,44
4.18583,749,404.47,1795,44
4.202833,749,404.47,1795,44
4.218845,749,404.47,1795,44
4.235831,749,404.47,1795,44
4.251976,749,404.47,1795,44
4.268829,749,404.47,1795,44
4.28583,749,404.47,1795,44
4.301827,749,404.47,1795,44
4.318243,749,404.47,1795,44
4.334827,749,404.47,1795,44
4.351826,749,404.47,1795,44
4.367943,749,404.47,1795,44
4.38483,749,404.47,1795,44
4.401077,749,404.47,1795,44
4.417827,749,404.47,1795,44
4.434211,749,404.47,1795,44
4.450829,749,404.47,1795,44
4.467829,749,404.47,1795,44
4.483911,749,404.47,1795,44
4.500829,749,404.47,1795,44
4.517045,749,404.47,1795,44
4.533827,749,404.47,1795,44
4.550828,749,404.47,1795,44
4.566828,749,404.47,1795,44
4.583311,749,404.47,1795,44
4.599877,749,404.47,1795,44
4.616829,749,404.47,1795,44
4.633829,749,404.47,1795,44
4.649828,749,404.47,1795,44
4.666144,749,404.47,1795,44
4.68283,749,404.47,1795,44
4.699832,749,404.47,1795,44
4.715845,749,404.47,1795,44
4.732829,749,404.47,1795,44
4.748979,749,404.47,1795,44
4.765828,749,404.47,1795,44
4.782836,749,404.47,1795,44
4.798677,749,404.47,1795,44
4.815245,749,404.47,1795,44
4.831829,749,404.47,1795,44
4.848378,749,404.47,1795,44
4.864945,749,404.47,1795,44
4.881829,749,404.47,1795,44
4.898078,749,404.47,1795,44
4.914828,749,404.47,1795,44
4.931828,749,404.47,1795,44
4.947828,749,404.47,1795,44
4.964831,749,404.47,1795,44
4.980913,749,404.47,1795,44
4.997478,749,404.47,1795,44
5.014044,749,404.47,1795,44
5.03083,749,404.47,1795,44
5.047178,749.0076,404.4694,1794.984,44
5.063829,749.015,404.4688,1794.969,44
5.080311,749.0225,404.4682,1794.953,44
5.096879,749.0299,404.4677,1794.937,44
5.113829,749.0374,404.4671,1794.921,44
5.130012,749.045,404.4665,1794.905,44
5.146829,749.0523,404.4659,1794.89,44
5.163146,749.0599,404.4653,1794.874,44
5.179832,749.0673,404.4647,1794.858,44
5.19628,749.0748,404.4641,1794.842,44
5.212846,749.0822,404.4635,1794.826,44
5.229412,749.0897,404.463,1794.811,44
5.245979,749.0972,404.4624,1794.795,44
5.26284,749.1046,404.4618,1794.779,44
5.279112,749.1122,404.4612,1794.763,44
5.295829,749.1196,404.4606,1794.748,44
5.312828,749.1271,404.46,1794.732,44
5.328834,749.1347,404.4594,1794.715,44
5.345828,749.142,404.4588,1794.7,44
5.362827,749.1496,404.4583,1794.684,44
5.378512,749.1572,404.4576,1794.668,44
5.395829,749.1643,404.4571,1794.653,44
5.411829,749.1721,404.4565,1794.636,44
5.428211,749.1793,404.4559,1794.621,44
5.444828,749.1866,404.4553,1794.605,44
5.461345,749.1942,404.4547,1794.59,44
5.477913,749.2016,404.4542,1794.574,44
5.49483,749.209,404.4536,1794.558,44
5.511828,749.2166,404.453,1794.542,44
5.527828,749.2243,404.4524,1794.526,44
5.544178,749.2315,404.4518,1794.51,44
5.560828,749.2388,404.4512,1794.495,44
5.577311,749.2463,404.4506,1794.479,44
5.593877,749.2537,404.45,1794.463,44
5.610444,749.2612,404.4495,1794.447,44
5.627011,749.2686,404.4489,1794.432,44
5.643835,749.2761,404.4483,1794.416,44
5.660143,749.2836,404.4477,1794.4,44
5.676827,749.291,404.4471,1794.384,44
5.693277,749.2984,404.4465,1794.368,44
5.709843,749.3058,404.446,1794.353,44
5.72641,749.3132,404.4454,1794.337,44
5.743826,749.3207,404.4448,1794.321,44
5.759543,749.3285,404.4442,1794.304,44
5.77611,749.3356,404.4436,1794.289,44
5.792826,749.343,404.443,1794.274,44
5.809824,749.3505,404.4424,1794.258,44
5.825825,749.3581,404.4418,1794.241,44
5.842825,749.3653,404.4413,1794.226,44
5.858943,749.3729,404.4407,1794.21,44
5.87583,749.3801,404.4401,1794.195,44
5.892076,749.3877,404.4395,1794.178,44
5.908643,749.395,404.4389,1794.163,44
5.925827,749.4024,404.4384,1794.147,44
5.941826,749.4102,404.4377,1794.131,44
5.958826,749.4173,404.4372,1794.115,44
5.97491,749.4249,404.4366,1794.099,44
5.991824,749.4321,404.436,1794.084,44
6.008829,749.4397,404.4354,1794.068,44
6.024824,749.4473,404.4348,1794.051,44
6.041176,749.4545,404.4342,1794.036,44
6.057831,749.4618,404.4337,1794.021,44
6.074309,749.4692,404.4331,1794.005,44
6.090875,749.4766,404.4325,1793.989,44
6.107442,749.4841,404.4319,1793.973,44
6.124825,749.4915,404.4313,1793.957,44
6.140826,749.4993,404.4307,1793.941,44
6.15783,749.5064,404.4301,1793.925,44
6.173824,749.514,404.4295,1793.909,44
6.190835,749.5212,404.429,1793.894,44
6.206843,749.5287,404.4284,1793.878,44
6.223835,749.5359,404.4278,1793.862,44
6.239977,749.5435,404.4272,1793.846,44
6.25683,749.5507,404.4267,1793.831,44
6.273238,749.5583,404.4261,1793.815,44
6.290238,749.5656,404.4255,1793.799,44
6.306245,749.5732,404.4249,1793.783,44
6.323237,749.5804,404.4243,1793.767,44
6.339376,749.588,404.4237,1793.751,44
6.356239,749.5952,404.4232,1793.736,44
6.37251,749.6027,404.4225,1793.72,44
6.389237,749.6099,404.422,1793.704,44
6.405643,749.6174,404.4214,1793.688,44
6.422814,749.6248,404.4208,1793.672,44
6.438816,749.6324,404.4202,1793.656,44
6.455343,749.6395,404.4196,1793.641,44
6.47191,749.6469,404.4191,1793.625,44
6.488815,749.6543,404.4185,1793.609,44
6.505043,749.6619,404.4179,1793.593,44
6.521816,749.6691,404.4173,1793.577,44
6.538177,749.6766,404.4167,1793.561,44
6.554818,749.6839,404.4161,1793.546,44
6.57131,749.6913,404.4156,1793.53,44
6.587876,749.6987,404.415,1793.514,44
6.604814,749.7061,404.4144,1793.498,44
6.621009,749.7136,404.4138,1793.482,44
6.637816,749.7208,404.4132,1793.466,44
6.654815,749.7283,404.4126,1793.45,44
6.670814,749.7359,404.412,1793.434,44
6.68782,749.743,404.4115,1793.419,44
6.703842,749.7506,404.4109,1793.403,44
6.720815,749.7577,404.4103,1793.387,44
6.736975,749.7653,404.4097,1793.371,44
6.753543,749.7725,404.4091,1793.355,44
6.770109,749.7798,404.4086,1793.34,44
6.786675,749.7872,404.408,1793.324,44
6.803243,749.7946,404.4074,1793.308,44
6.819814,749.802,404.4068,1793.292,44
6.836816,749.8093,404.4063,1793.276,44
6.852942,749.8169,404.4056,1793.26,44
6.869814,749.8241,404.4051,1793.245,44
6.886815,749.8316,404.4045,1793.228,44
6.902815,749.8392,404.4039,1793.212,44
6.919209,749.8463,404.4033,1793.197,44
6.935817,749.8536,404.4027,1793.181,44
6.952816,749.861,404.4022,1793.165,44
6.968909,749.8685,404.4016,1793.149,44
6.985813,749.8757,404.401,1793.134,44
7.002043,749.8832,404.4004,1793.117,44
7.018813,749.8904,404.3998,1793.102,44
7.035177,749.8978,404.3992,1793.086,44
7.051813,749.9051,404.3987,1793.07,44
7.068309,749.9125,404.3981,1793.054,44
7.084876,749.9198,404.3975,1793.038,44
7.101812,749.9272,404.3969,1793.023,44
7.118009,749.9347,404.3963,1793.006,44
7.134814,749.9419,404.3958,1792.991,44
7.151142,749.9493,404.3952,1792.975,44
7.167816,749.9566,404.3946,1792.959,44
7.184814,749.964,404.394,1792.943,44
7.200842,749.9716,404.3934,1792.927,44
7.217814,749.9786,404.3929,1792.911,44
7.233976,749.9862,404.3922,1792.895,44
7.250543,749.9933,404.3917,1792.88,44
7.267331,750.0007,404.3911,1792.864,44
7.283678,750.0081,404.3905,1792.848,44
7.300326,750.0154,404.39,1792.832,44
7.316811,750.0228,404.3894,1792.816,44
7.333376,750.0301,404.3888,1792.8,44
7.350323,750.0374,404.3882,1792.785,44
7.366509,750.0449,404.3876,1792.768,44
7.383322,750.0521,404.387,1792.753,44
7.399642,750.0596,404.3864,1792.737,44
7.416327,750.0668,404.3859,1792.721,44
7.433327,750.0742,404.3853,1792.705,44
7.449343,750.0817,404.3847,1792.689,44
7.465909,750.0888,404.3841,1792.673,44
7.482479,750.0961,404.3835,1792.658,44
7.499474,750.1035,404.383,1792.642,44
7.51647,750.111,404.3824,1792.625,44
7.532175,750.1185,404.3818,1792.609,44
7.548742,750.1255,404.3812,1792.594,44
7.565474,750.1328,404.3806,1792.578,44
7.581876,750.1402,404.3801,1792.562,44
7.598486,750.1475,404.3795,1792.546,44
7.615009,750.1548,404.3789,1792.53,44
7.631576,750.1621,404.3783,1792.515,44
7.648485,750.1694,404.3777,1792.499,44
7.664709,750.1769,404.3772,1792.483,44
7.681276,750.1841,404.3766,1792.467,44
7.698254,750.1914,404.376,1792.451,44
7.714409,750.1989,404.3754,1792.435,44
7.731253,750.2061,404.3748,1792.419,44
7.747543,750.2135,404.3743,1792.403,44
7.764256,750.2207,404.3737,1792.387,44
7.781254,750.2281,404.3731,1792.371,44
7.797254,750.2356,404.3725,1792.355,44
7.814255,750.2427,404.3719,1792.34,44
7.830376,750.2502,404.3713,1792.323,44
7.847255,750.2573,404.3708,1792.308,44
7.864256,750.2647,404.3702,1792.292,44
7.880304,750.2722,404.3696,1792.276,44
7.897305,750.2793,404.369,1792.26,44
7.913301,750.2868,404.3684,1792.244,44
7.930299,750.2939,404.3679,1792.229,44
7.946343,750.3014,404.3673,1792.212,44
7.963303,750.3085,404.3667,1792.197,44
7.979477,750.3159,404.3661,1792.181,44
7.996307,750.3231,404.3656,1792.165,44
8.013305,750.3305,404.365,1792.149,44
8.029307,750.338,404.3644,1792.133,44
8.046315,750.345,404.3638,1792.117,44
8.062311,750.3525,404.3632,1792.101,44
8.079313,750.3596,404.3627,1792.085,44
8.095444,750.3671,404.3621,1792.069,44
8.112306,750.3742,404.3615,1792.054,44
8.128577,750.3817,404.3609,1792.037,44
8.145303,750.3888,404.3604,1792.022,44
8.16171,750.3962,404.3598,1792.006,44
8.178277,750.4034,404.3592,1791.99,44
8.195049,750.4107,404.3586,1791.974,44
8.21141,750.4181,404.358,1791.958,44
8.22805,750.4253,404.3575,1791.942,44
8.244624,750.4326,404.3569,1791.926,44
8.261625,750.4399,404.3563,1791.91,44
8.277902,750.4474,404.3557,1791.894,44
8.294244,750.4545,404.3551,1791.879,44
8.310902,750.4617,404.3546,1791.863,44
8.327377,750.4691,404.354,1791.847,44
8.344202,750.4763,404.3534,1791.831,44
8.361203,750.4837,404.3528,1791.815,44
8.37724,750.4912,404.3522,1791.798,44
8.394241,750.4982,404.3517,1791.783,44
8.410245,750.5057,404.3511,1791.767,44
8.42725,750.5128,404.3505,1791.751,44
8.443342,750.5202,404.3499,1791.735,44
8.459908,750.5273,404.3494,1791.72,44
8.476476,750.5346,404.3488,1791.704,44
8.493043,750.5419,404.3482,1791.688,44
8.509999,750.5491,404.3476,1791.672,44
8.526175,750.5566,404.347,1791.656,44
8.542743,750.5637,404.3465,1791.64,44
8.559309,750.571,404.3459,1791.624,44
8.576214,750.5782,404.3453,1791.608,44
8.592443,750.5857,404.3447,1791.592,44
8.609216,750.5928,404.3441,1791.576,44
8.625577,750.6002,404.3436,1791.56,44
8.642217,750.6074,404.343,1791.544,44
8.658711,750.6146,404.3424,1791.528,44
8.676218,750.6219,404.3418,1791.513,44
8.692224,750.6296,404.3412,1791.496,44
8.709214,750.6366,404.3407,1791.48,44
8.725215,750.644,404.3401,1791.464,44
8.741543,750.6511,404.3395,1791.449,44
8.758745,750.6582,404.339,1791.433,44
8.77474,750.6658,404.3383,1791.417,44
8.791243,750.6728,404.3378,1791.401,44
8.807809,750.68,404.3372,1791.385,44
8.824376,750.6873,404.3366,1791.369,44
8.840942,750.6945,404.3361,1791.353,44
8.857741,750.7018,404.3355,1791.337,44
8.874741,750.7092,404.3349,1791.321,44
8.890744,750.7166,404.3343,1791.305,44
8.907743,750.7236,404.3337,1791.29,44
8.923776,750.7311,404.3332,1791.273,44
8.940741,750.7381,404.3326,1791.258,44
8.956909,750.7455,404.332,1791.241,44
8.973776,750.7526,404.3315,1791.226,44
8.990043,750.76,404.3309,1791.21,44
9.006609,750.7671,404.3303,1791.194,44
9.02325,750.7744,404.3297,1791.178,44
9.040252,750.7816,404.3291,1791.162,44
9.056312,750.7891,404.3286,1791.146,44
9.072933,750.7961,404.328,1791.13,44
9.089934,750.8034,404.3274,1791.114,44
9.106009,750.8108,404.3268,1791.098,44
9.122932,750.8179,404.3263,1791.082,44
9.139142,750.8253,404.3257,1791.066,44
9.155933,750.8323,404.3251,1791.051,44
9.172276,750.8397,404.3245,1791.034,44
9.188936,750.8468,404.3239,1791.019,44
9.20541,750.8541,404.3234,1791.003,44
9.221975,750.8613,404.3228,1790.987,44
9.238938,750.8685,404.3222,1790.971,44
9.25511,750.876,404.3216,1790.954,44
9.271935,750.883,404.3211,1790.939,44
9.288242,750.8904,404.3205,1790.923,44
9.304936,750.8975,404.3199,1790.907,44
9.321443,750.9048,404.3193,1790.891,44
9.337944,750.912,404.3188,1790.875,44
9.354508,750.9192,404.3182,1790.859,44
9.371104,750.9265,404.3176,1790.843,44
9.388103,750.9337,404.317,1790.827,44
9.404208,750.9411,404.3164,1790.811,44
9.421107,750.9481,404.3159,1790.795,44
9.437341,750.9555,404.3153,1790.779,44
9.454105,750.9626,404.3147,1790.763,44
9.47062,750.9699,404.3141,1790.747,44
9.487041,750.9771,404.3136,1790.731,44
9.50362,750.9843,404.313,1790.716,44
9.520174,750.9915,404.3124,1790.7,44
9.536741,750.9987,404.3119,1790.684,44
9.553623,751.0059,404.3113,1790.668,44
9.569875,751.0133,404.3107,1790.651,44
9.586623,751.0204,404.3101,1790.636,44
9.603624,751.0277,404.3095,1790.62,44
9.619575,751.0351,404.309,1790.603,44
9.636206,751.0421,404.3084,1790.588,44
9.653204,751.0493,404.3078,1790.572,44
9.669275,751.0567,404.3072,1790.556,44
9.685842,751.0637,404.3067,1790.54,44
9.702408,751.0709,404.3061,1790.524,44
9.719207,751.0781,404.3055,1790.508,44
9.735541,751.0854,404.3049,1790.492,44
9.752109,751.0926,404.3044,1790.476,44
9.769208,751.0998,404.3038,1790.46,44
9.78524,751.1072,404.3032,1790.444,44
9.802205,751.1142,404.3026,1790.428,44
9.818374,751.1216,404.3021,1790.412,44
9.835204,751.1286,404.3015,1790.396,44
9.851506,751.1359,404.3009,1790.38,44
9.868205,751.1431,404.3004,1790.364,44
9.885204,751.1503,404.2998,1790.348,44
9.901206,751.1577,404.2992,1790.332,44
9.918278,751.1647,404.2986,1790.317,44
9.934339,751.1721,404.298,1790.3,44
9.951281,751.1791,404.2975,1790.285,44
9.967473,751.1864,404.2969,1790.268,44
9.984279,751.1935,404.2963,1790.253,44
10.00061,751.2007,404.2957,1790.236,45
10.01728,751.2079,404.2952,1790.221,45
10.03428,751.2151,404.2946,1790.205,45
10.05031,751.2225,404.294,1790.188,45
10.06728,751.2295,404.2935,1790.173,45
10.08428,751.2368,404.2928,1790.156,45
10.10001,751.2442,404.2923,1790.14,45
10.11728,751.251,404.2917,1790.125,45
10.13328,751.2585,404.2911,1790.108,45
10.15028,751.2655,404.2906,1790.093,45
10.16628,751.2729,404.29,1790.076,45
10.18328,751.2798,404.2894,1790.061,45
10.19941,751.2872,404.2888,1790.045,45
10.21628,751.2942,404.2883,1790.029,45
10.23254,751.3015,404.2877,1790.013,45
10.24928,751.3086,404.2871,1789.997,45
10.26567,751.3159,404.2866,1789.981,45
10.28228,751.3229,404.286,1789.965,45
10.29929,751.3301,404.2854,1789.949,45
10.31537,751.3375,404.2848,1789.933,45
10.33228,751.3445,404.2843,1789.917,45
10.34851,751.3519,404.2837,1789.901,45
10.36528,751.3589,404.2831,1789.885,45
10.38164,751.3661,404.2825,1789.869,45
10.39828,751.3732,404.282,1789.853,45
10.41477,751.3804,404.2814,1789.837,45
10.43152,751.3876,404.2808,1789.821,45
10.44852,751.3948,404.2802,1789.805,45
10.46452,751.4022,404.2797,1789.789,45
10.48152,751.4092,404.2791,1789.773,45
10.49761,751.4165,404.2785,1789.757,45
10.51452,751.4235,404.278,1789.741,45
10.53074,751.4308,404.2774,1789.725,45
10.54752,751.4379,404.2768,1789.709,45
10.56387,751.4451,404.2762,1789.693,45
10.58052,751.4522,404.2757,1789.677,45
10.59752,751.4594,404.2751,1789.661,45
10.61357,751.4667,404.2745,1789.645,45
10.63052,751.4737,404.2739,1789.629,45
10.64671,751.481,404.2733,1789.613,45
10.66405,751.488,404.2728,1789.597,45
10.67984,751.4955,404.2722,1789.58,45
10.69641,751.5024,404.2716,1789.565,45
10.71305,751.5095,404.2711,1789.549,45
10.73005,751.5167,404.2705,1789.533,45
10.74611,751.524,404.2699,1789.517,45
10.76305,751.531,404.2693,1789.501,45
10.77924,751.5383,404.2688,1789.485,45
10.79605,751.5453,404.2682,1789.469,45
10.81237,751.5526,404.2676,1789.453,45
10.82905,751.5597,404.2671,1789.437,45
10.84605,751.5669,404.2665,1789.421,45
10.86305,751.5742,404.2659,1789.405,45
10.87905,751.5815,404.2653,1789.388,45
10.89605,751.5885,404.2648,1789.373,45
10.91205,751.5958,404.2642,1789.356,45
10.92834,751.6027,404.2636,1789.341,45
10.94505,751.6097,404.2631,1789.325,45
10.96147,751.6169,404.2625,1789.309,45
10.97805,751.6241,404.2619,1789.293,45
10.99505,751.6312,404.2614,1789.277,45
11.01117,751.6385,404.2607,1789.261,45
11.02805,751.6455,404.2602,1789.245,45
11.04431,751.6528,404.2596,1789.229,45
11.06087,751.6598,404.2591,1789.213,45
11.07744,751.667,404.2585,1789.197,45
11.09405,751.6741,404.2579,1789.181,45
11.11057,751.6813,404.2573,1789.165,45
11.12714,751.6884,404.2568,1789.149,45
11.14405,751.6956,404.2562,1789.133,45
11.16027,751.7028,404.2556,1789.117,45
11.17705,751.7098,404.255,1789.101,45
11.19341,751.717,404.2545,1789.085,45
11.20998,751.7241,404.2539,1789.069,45
11.22705,751.7313,404.2533,1789.053,45
11.24312,751.7386,404.2527,1789.036,45
11.25968,751.7455,404.2522,1789.021,45
11.27624,751.7527,404.2516,1789.005,45
11.29305,751.7598,404.251,1788.989,45
11.30938,751.767,404.2505,1788.973,45
11.32605,751.7741,404.2499,1788.957,46
11.34305,751.7813,404.2493,1788.941,46
11.35908,751.7886,404.2487,1788.924,46
11.37605,751.7955,404.2482,1788.909,46
11.39221,751.8028,404.2476,1788.892,46
11.40905,751.8098,404.247,1788.877,46
11.42605,751.817,404.2465,1788.86,46
11.44205,751.8243,404.2459,1788.844,46
11.45848,751.8312,404.2453,1788.828,46
11.47505,751.8383,404.2448,1788.813,46
11.49179,751.8454,404.2442,1788.797,46
11.50883,751.8526,404.2436,1788.78,46
11.52479,751.8599,404.243,1788.764,46
11.54179,751.8668,404.2425,1788.749,46
11.55788,751.8741,404.2419,1788.732,46
11.57444,751.881,404.2413,1788.716,46
11.59101,751.8881,404.2408,1788.7,46
11.60758,751.8953,404.2402,1788.684,46
11.62414,751.9024,404.2396,1788.668,46
11.64079,751.9095,404.239,1788.652,46
11.65779,751.9167,404.2385,1788.636,46
11.67384,751.924,404.2379,1788.62,46
11.69041,751.9308,404.2373,1788.604,46
11.70698,751.938,404.2368,1788.588,46
11.72379,751.9451,404.2362,1788.572,46
11.74011,751.9523,404.2356,1788.556,46
11.7568,751.9594,404.235,1788.54,46
11.77379,751.9665,404.2345,1788.524,46
11.78981,751.9738,404.2339,1788.508,46
11.80638,751.9807,404.2333,1788.492,46
11.82294,751.9878,404.2328,1788.476,46
11.83979,751.9949,404.2322,1788.46,46
11.85608,752.0021,404.2316,1788.444,46
11.87279,752.0091,404.231,1788.428,46
11.88921,752.0163,404.2305,1788.412,46
11.90579,752.0233,404.2299,1788.396,46
11.9228,752.0305,404.2293,1788.38,46
11.93891,752.0377,404.2288,1788.363,46
11.95548,752.0447,404.2282,1788.348,46
11.97279,752.0518,404.2276,1788.332,46
11.9888,752.0592,404.2271,1788.315,46
12.00518,752.066,404.2265,1788.299,46
12.02179,752.0731,404.2259,1788.284,46
12.03879,752.0802,404.2253,1788.267,46
12.05488,752.0875,404.2248,1788.251,46
12.07179,752.0944,404.2242,1788.235,46
12.08801,752.1016,404.2236,1788.219,46
12.1048,752.1086,404.2231,1788.203,46
12.12114,752.1158,404.2225,1788.187,46
12.13779,752.1228,404.2219,1788.171,46
12.15428,752.1299,404.2214,1788.155,46
12.17084,752.137,404.2208,1788.139,46
12.18741,752.144,404.2202,1788.123,46
12.20398,752.1512,404.2197,1788.107,46
12.2208,752.1583,404.2191,1788.091,46
12.23711,752.1655,404.2185,1788.075,46
12.25368,752.1724,404.218,1788.059,46
12.27079,752.1795,404.2174,1788.043,46
12.28681,752.1868,404.2168,1788.026,46
12.30379,752.1937,404.2162,1788.011,46
12.31994,752.201,404.2157,1787.994,46
12.33679,752.2079,404.2151,1787.979,46
12.35308,752.2151,404.2145,1787.962,46
12.36979,752.222,404.214,1787.947,46
12.38621,752.2292,404.2134,1787.93,46
12.40279,752.2363,404.2128,1787.914,46
12.4198,752.2433,404.2122,1787.898,46
12.43591,752.2506,404.2117,1787.882,46
12.45279,752.2575,404.2111,1787.866,46
12.46904,752.2647,404.2105,1787.85,46
12.48579,752.2717,404.21,1787.834,46
12.50218,752.2788,404.2094,1787.818,46
12.51879,752.2858,404.2088,1787.802,46
12.53579,752.2929,404.2083,1787.786,46
12.55188,752.3002,404.2077,1787.769,46
12.56879,752.3071,404.2071,1787.754,46
12.58579,752.3143,404.2065,1787.737,46
12.60179,752.3215,404.206,1787.721,46
12.61874,752.3284,404.2054,1787.705,46
12.63474,752.3356,404.2048,1787.689,46
12.65174,752.3425,404.2043,1787.673,46
12.66784,752.3497,404.2037,1787.657,46
12.68474,752.3566,404.2032,1787.641,46
12.70098,752.3638,404.2026,1787.625,47
12.71774,752.3707,404.202,1787.609,47
12.73411,752.3779,404.2014,1787.593,47
12.75074,752.3849,404.2009,1787.577,47
12.76774,752.392,404.2003,1787.561,47
12.78381,752.3992,404.1997,1787.544,47
12.80075,752.4061,404.1992,1787.529,47
12.81774,752.4133,404.1986,1787.512,47
12.83374,752.4205,404.198,1787.496,47
12.85008,752.4274,404.1974,1787.48,47
12.86674,752.4343,404.1969,1787.465,47
12.88375,752.4415,404.1963,1787.448,47
12.89978,752.4487,404.1957,1787.432,47
12.91674,752.4555,404.1952,1787.416,47
12.93291,752.4628,404.1946,1787.4,47
12.94947,752.4697,404.1941,1787.384,47
12.96674,752.4767,404.1935,1787.368,47
12.98273,752.4841,404.1929,1787.351,47
12.99917,752.4909,404.1924,1787.336,47
13.01574,752.4979,404.1918,1787.32,47
13.03274,752.5049,404.1912,1787.304,47
13.04887,752.5122,404.1906,1787.287,47
13.06573,752.519,404.1901,1787.272,47
13.08273,752.5262,404.1895,1787.255,47
13.09874,752.5334,404.1889,1787.239,47
13.11574,752.5403,404.1884,1787.223,47
13.13174,752.5475,404.1878,1787.207,47
13.14874,752.5543,404.1872,1787.191,47
13.16484,752.5616,404.1866,1787.175,47
13.18174,752.5684,404.1861,1787.159,47
13.19797,752.5756,404.1855,1787.143,47
13.21477,752.5825,404.185,1787.127,47
13.23177,752.5897,404.1844,1787.111,47
13.24777,752.5969,404.1838,1787.094,47
13.26477,752.6037,404.1833,1787.079,47
13.28081,752.611,404.1827,1787.062,47
13.29737,752.6177,404.1821,1787.047,47
13.31394,752.6248,404.1816,1787.031,47
13.33077,752.6318,404.181,1787.014,47
13.34707,752.639,404.1804,1786.998,47
13.36377,752.6459,404.1799,1786.982,47
13.38077,752.653,404.1793,1786.966,47
13.39677,752.6603,404.1787,1786.949,47
13.41378,752.6671,404.1782,1786.934,47
13.42991,752.6743,404.1776,1786.917,47
13.44677,752.6812,404.177,1786.902,47
13.46304,752.6883,404.1765,1786.885,47
13.47977,752.6952,404.1759,1786.87,47
13.49678,752.7023,404.1753,1786.853,47
13.51277,752.7095,404.1747,1786.837,47
13.52977,752.7164,404.1742,1786.821,47
13.54587,752.7236,404.1736,1786.805,47
13.56278,752.7304,404.1731,1786.789,47
13.57901,752.7375,404.1725,1786.773,47
13.59577,752.7444,404.1719,1786.757,47
13.61277,752.7516,404.1714,1786.741,47
13.62878,752.7588,404.1708,1786.724,47
13.64527,752.7656,404.1702,1786.709,47
13.66184,752.7726,404.1696,1786.693,47
13.67878,752.7796,404.1691,1786.677,47
13.69497,752.7868,404.1685,1786.66,47
13.71154,752.7937,404.168,1786.644,47
13.72811,752.8007,404.1674,1786.628,47
13.74477,752.8077,404.1668,1786.612,47
13.76177,752.8148,404.1663,1786.596,47
13.77781,752.822,404.1657,1786.579,47
13.79437,752.8288,404.1651,1786.564,47
13.81094,752.8358,404.1646,1786.548,47
13.82751,752.8428,404.164,1786.532,47
13.84407,752.8499,404.1634,1786.516,47
13.86078,752.8569,404.1629,1786.499,47
13.87777,752.864,404.1623,1786.483,47
13.89378,752.8712,404.1617,1786.467,47
13.91077,752.878,404.1612,1786.451,47
13.92691,752.8851,404.1606,1786.435,47
13.94377,752.892,404.16,1786.419,47
13.96004,752.8992,404.1595,1786.402,47
13.97661,752.906,404.1589,1786.387,47
13.99317,752.913,404.1583,1786.371,47
14.00977,752.92,404.1578,1786.354,47
14.02677,752.9271,404.1572,1786.338,47
14.04287,752.9343,404.1566,1786.322,47
14.05977,752.9411,404.1561,1786.306,47
14.076,752.9482,404.1555,1786.29,47
14.09257,752.9551,404.1549,1786.274,47
14.10977,752.9622,404.1544,1786.258,47
14.12577,752.9694,404.1538,1786.241,47
14.14227,752.9762,404.1532,1786.226,47
14.15884,752.9832,404.1527,1786.209,47
14.17577,752.9902,404.1521,1786.193,47
14.19277,752.9973,404.1515,1786.177,47
14.20877,753.0045,404.1509,1786.16,47
14.2251,753.0113,404.1504,1786.145,47
14.24177,753.0182,404.1498,1786.129,47
14.25824,753.0253,404.1493,1786.113,47
14.2748,753.0322,404.1487,1786.097,47
14.29137,753.0392,404.1481,1786.081,47
14.30794,753.0462,404.1476,1786.064,47
14.3245,753.0532,404.147,1786.048,48
14.34107,753.0602,404.1465,1786.032,48
14.35777,753.0673,404.1459,1786.016,48
14.3742,753.0743,404.1453,1786,48
14.39077,753.0812,404.1447,1785.984,48
14.40777,753.0883,404.1442,1785.968,48
14.4239,753.0954,404.1436,1785.951,48
14.44077,753.1022,404.1431,1785.936,48
14.45704,753.1094,404.1425,1785.919,48
14.47378,753.1162,404.1419,1785.903,48
14.49017,753.1233,404.1414,1785.887,48
14.50678,753.1302,404.1408,1785.871,48
14.52377,753.1372,404.1402,1785.855,48
14.53987,753.1444,404.1396,1785.838,48
14.55677,753.1512,404.1391,1785.823,48
14.573,753.1583,404.1385,1785.806,48
14.58977,753.1652,404.138,1785.791,48
14.60614,753.1722,404.1374,1785.774,48
14.62276,753.1791,404.1368,1785.758,48
14.63975,753.1862,404.1363,1785.742,48
14.65584,753.1934,404.1357,1785.725,48
14.67276,753.2001,404.1351,1785.71,48
14.68897,753.2073,404.1346,1785.693,48
14.70576,753.2141,404.134,1785.678,48
14.7221,753.2212,404.1335,1785.661,48
14.73876,753.2281,404.1329,1785.645,48
14.75576,753.2351,404.1323,1785.629,48
14.7718,753.2422,404.1317,1785.613,48
14.78837,753.249,404.1312,1785.597,48
14.80493,753.256,404.1306,1785.581,48
14.8217,753.263,404.1301,1785.565,48
14.8387,753.2701,404.1295,1785.548,48
14.8547,753.2772,404.1289,1785.532,48
14.8712,753.2839,404.1284,1785.516,48
14.88777,753.2909,404.1278,1785.5,48
14.9047,753.2979,404.1272,1785.484,48
14.9209,753.3051,404.1267,1785.468,48
14.9377,753.3118,404.1261,1785.452,48
14.95403,753.3189,404.1255,1785.435,48
14.9707,753.3258,404.125,1785.42,48
14.98717,753.3328,404.1244,1785.403,48
15.00373,753.3397,404.1239,1785.387,48
15.0203,753.3467,404.1233,1785.371,48
15.03687,753.3537,404.1227,1785.355,48
15.0537,753.3607,404.1222,1785.339,48
15.07,753.3677,404.1216,1785.323,48
15.08671,753.3746,404.121,1785.307,48
15.10371,753.3817,404.1205,1785.29,48
15.11971,753.3888,404.1199,1785.274,48
15.13627,753.3955,404.1194,1785.258,48
15.15284,753.4025,404.1188,1785.242,48
15.1697,753.4095,404.1182,1785.226,48
15.18597,753.4166,404.1176,1785.209,48
15.2027,753.4234,404.1171,1785.194,48
15.21971,753.4304,404.1165,1785.177,48
15.2357,753.4376,404.1159,1785.161,48
15.25224,753.4443,404.1154,1785.145,48
15.2688,753.4512,404.1148,1785.129,48
15.28537,753.4583,404.1143,1785.113,48
15.30194,753.4652,404.1137,1785.097,48
15.31871,753.4722,404.1131,1785.081,48
15.33507,753.4792,404.1126,1785.064,48
15.35171,753.4861,404.112,1785.048,48
15.36871,753.493,404.1115,1785.032,48
15.38477,753.5002,404.1109,1785.016,48
15.4017,753.507,404.1103,1785,48
15.4179,753.5141,404.1097,1784.983,48
15.4347,753.5209,404.1092,1784.968,48
15.4517,753.528,404.1086,1784.951,48
15.4677,753.5351,404.1081,1784.935,48
15.4847,753.5418,404.1075,1784.919,48
15.50074,753.549,404.1069,1784.902,48
15.5177,753.5557,404.1064,1784.887,48
15.5347,753.5628,404.1058,1784.87,48
15.55044,753.5699,404.1052,1784.854,48
15.567,753.5765,404.1047,1784.838,48
15.5837,753.5835,404.1041,1784.822,48
15.6007,753.5905,404.1036,1784.806,48
15.6167,753.5976,404.103,1784.789,48
15.6337,753.6043,404.1024,1784.774,48
15.64984,753.6115,404.1019,1784.757,48
15.66671,753.6182,404.1013,1784.741,48
15.6837,753.6253,404.1007,1784.725,48
15.69971,753.6324,404.1002,1784.708,48
15.7161,753.6392,404.0996,1784.693,48
15.73267,753.646,404.0991,1784.677,48
15.74956,753.653,404.0985,1784.661,48
15.76655,753.66,404.0979,1784.644,48
15.78255,753.6672,404.0974,1784.628,48
15.79893,753.6739,404.0968,1784.612,48
15.81556,753.6807,404.0963,1784.596,48
15.83255,753.6877,404.0957,1784.58,48
15.84864,753.6948,404.0951,1784.563,48
15.86555,753.7015,404.0946,1784.548,48
15.88177,753.7087,404.094,1784.531,48
15.89855,753.7155,404.0934,1784.515,48
15.9149,753.7225,404.0929,1784.499,48
15.93147,753.7293,404.0923,1784.483,48
15.94856,753.7363,404.0917,1784.467,48
15.9646,753.7434,404.0912,1784.45,48
15.98155,753.7501,404.0906,1784.435,48
15.99774,753.7573,404.0901,1784.418,48
16.01455,753.764,404.0895,1784.402,48
16.03155,753.7711,404.0889,1784.386,48
16.04756,753.7781,404.0883,1784.369,48
16.064,753.7849,404.0878,1784.354,48
16.08057,753.7917,404.0872,1784.338,48
16.09714,753.7987,404.0867,1784.321,48
16.11371,753.8056,404.0861,1784.305,48
16.13056,753.8126,404.0856,1784.289,48
16.14756,753.8196,404.085,1784.273,48
16.16356,753.8267,404.0844,1784.256,48
16.18056,753.8334,404.0839,1784.24,48
16.19656,753.8405,404.0833,1784.224,48
16.21356,753.8472,404.0828,1784.208,48
16.22967,753.8543,404.0822,1784.192,48
16.24624,753.861,404.0816,1784.176,48
16.26356,753.868,404.0811,1784.16,48
16.27956,753.8752,404.0805,1784.143,48
16.29594,753.8819,404.0799,1784.127,48
16.31256,753.8887,404.0794,1784.111,48
16.32907,753.8957,404.0788,1784.095,48
16.34564,753.9026,404.0782,1784.079,48
16.36256,753.9095,404.0777,1784.063,48
16.37956,753.9166,404.0771,1784.046,48
16.39556,753.9237,404.0765,1784.03,48
16.41191,753.9304,404.076,1784.014,48
16.42856,753.9372,404.0754,1783.998,48
16.44556,753.9442,404.0749,1783.982,48
16.46161,753.9513,404.0743,1783.965,48
16.47851,753.9579,404.0738,1783.949,48
16.49551,753.965,404.0732,1783.933,48
16.51173,753.9721,404.0726,1783.916,48
16.52787,753.9789,404.0721,1783.901,48
16.54473,753.9857,404.0715,1783.885,48
16.561,753.9927,404.071,1783.868,48
16.57757,753.9995,404.0704,1783.852,48
16.59429,754.0064,404.0698,1783.836,48
16.61071,754.0134,404.0693,1783.82,48
16.62729,754.0202,404.0687,1783.804,48
16.64429,754.0272,404.0681,1783.788,48
16.66041,754.0342,404.0676,1783.771,48
16.67697,754.041,404.067,1783.755,48
16.69394,754.0479,404.0665,1783.739,48
16.71011,754.0549,404.0659,1783.723,48
16.72694,754.0617,404.0653,1783.707,48
16.74324,754.0687,404.0648,1783.69,48
16.75994,754.0755,404.0642,1783.674,48
16.77637,754.0825,404.0637,1783.658,48
16.79294,754.0893,404.0631,1783.642,48
16.80951,754.0963,404.0625,1783.626,48
16.82607,754.1031,404.062,1783.61,48
16.84294,754.11,404.0614,1783.594,48
16.85921,754.1171,404.0609,1783.577,48
16.87593,754.1238,404.0603,1783.561,48
16.89234,754.1308,404.0597,1783.545,48
16.90891,754.1376,404.0592,1783.529,48
16.92558,754.1445,404.0586,1783.513,48
16.94258,754.1515,404.058,1783.496,48
16.9586,754.1586,404.0575,1783.48,49
16.97577,754.1653,404.0569,1783.464,49
16.99178,754.1724,404.0563,1783.447,49
17.00877,754.1791,404.0558,1783.432,49
17.02487,754.1862,404.0552,1783.415,49
17.04177,754.1929,404.0547,1783.399,49
17.058,754.1999,404.0541,1783.383,49
17.07461,754.2067,404.0536,1783.367,49
17.09114,754.2136,404.053,1783.351,49
17.10771,754.2205,404.0524,1783.335,49
17.12461,754.2274,404.0519,1783.318,49
17.14084,754.2344,404.0513,1783.302,49
17.15826,754.2411,404.0508,1783.286,49
17.17427,754.2484,404.0502,1783.269,49
17.19054,754.2551,404.0496,1783.253,49
17.20727,754.2618,404.0491,1783.237,49
17.22367,754.2688,404.0485,1783.221,49
17.2409,754.2756,404.048,1783.205,49
17.25691,754.2828,404.0474,1783.188,49
17.27391,754.2894,404.0468,1783.172,49
17.28994,754.2965,404.0463,1783.156,49
17.3069,754.3032,404.0457,1783.14,49
17.32307,754.3102,404.0451,1783.124,49
17.33991,754.317,404.0446,1783.108,49
17.35691,754.324,404.044,1783.091,49
17.3729,754.331,404.0435,1783.075,49
17.3899,754.3376,404.0429,1783.059,49
17.4059,754.3447,404.0423,1783.042,49
17.42247,754.3514,404.0418,1783.027,49
17.43946,754.3583,404.0412,1783.011,49
17.4556,754.3654,404.0406,1782.994,49
17.47218,754.372,404.0401,1782.978,49
17.48874,754.3789,404.0396,1782.962,49
17.50569,754.3858,404.039,1782.946,49
17.52187,754.3928,404.0384,1782.929,49
17.53844,754.3995,404.0379,1782.913,49
17.55569,754.4064,404.0373,1782.897,49
17.57175,754.4136,404.0367,1782.88,49
17.58814,754.4203,404.0362,1782.865,49
17.60475,754.4271,404.0356,1782.849,49
17.62127,754.434,404.0351,1782.832,49
17.63784,754.4409,404.0345,1782.816,49
17.65475,754.4477,404.034,1782.8,49
17.67097,754.4547,404.0334,1782.783,49
17.68775,754.4615,404.0328,1782.768,49
17.7041,754.4684,404.0323,1782.751,49
17.72075,754.4752,404.0317,1782.735,49
17.73775,754.4821,404.0312,1782.719,49
17.7538,754.4892,404.0306,1782.702,49
17.77037,754.4958,404.03,1782.687,49
17.78693,754.5027,404.0295,1782.67,49
17.80383,754.5096,404.0289,1782.654,49
17.82083,754.5166,404.0284,1782.638,49
17.83683,754.5237,404.0278,1782.621,49
17.85383,754.5303,404.0273,1782.605,49
17.86977,754.5374,404.0267,1782.589,49
17.88671,754.5439,404.0261,1782.573,49
17.90371,754.551,404.0255,1782.557,49
17.91971,754.558,404.025,1782.54,49
17.93604,754.5646,404.0244,1782.524,49
17.95271,754.5714,404.0239,1782.508,49
17.96925,754.5783,404.0233,1782.492,49
17.98573,754.5852,404.0228,1782.476,49
18.0023,754.592,404.0222,1782.46,49
18.01887,754.5989,404.0217,1782.443,49
18.03579,754.6058,404.0211,1782.427,49
18.052,754.6128,404.0205,1782.411,49
18.06857,754.6195,404.02,1782.395,49
18.08514,754.6263,404.0194,1782.379,49
18.1017,754.6332,404.0189,1782.362,49
18.11831,754.6401,404.0183,1782.346,49
18.13484,754.647,404.0177,1782.33,49
18.15184,754.6538,404.0172,1782.314,49
18.16801,754.6608,404.0166,1782.297,49
18.18501,754.6675,404.0161,1782.281,49
18.20202,754.6746,404.0155,1782.265,49
18.21802,754.6816,404.0149,1782.248,49
18.23466,754.6882,404.0144,1782.232,49
18.2508,754.6951,404.0138,1782.216,49
18.26766,754.7018,404.0133,1782.2,49
18.28466,754.7088,404.0127,1782.184,49
18.30066,754.7158,404.0121,1782.167,49
18.31707,754.7225,404.0116,1782.151,49
18.33366,754.7292,404.011,1782.135,49
18.3502,754.7361,404.0105,1782.119,49
18.36718,754.7429,404.0099,1782.103,49
18.38334,754.7499,404.0093,1782.086,49
18.40018,754.7567,404.0088,1782.07,49
18.41647,754.7636,404.0082,1782.054,49
18.43318,754.7704,404.0077,1782.038,49
18.4496,754.7773,404.0071,1782.022,49
18.46617,754.7841,404.0066,1782.006,49
18.48317,754.7909,404.006,1781.989,49
18.4993,754.7979,404.0054,1781.973,49
18.51598,754.8046,404.0049,1781.957,49
18.53243,754.8115,404.0043,1781.941,49
18.549,754.8183,404.0038,1781.924,49
18.56598,754.8251,404.0032,1781.908,49
18.58213,754.8322,404.0027,1781.892,49
18.59898,754.8389,404.0021,1781.876,49
18.61598,754.8458,404.0015,1781.859,49
18.63255,754.8528,404.0009,1781.843,49
18.64856,754.8597,404.0004,1781.826,49
18.66555,754.8663,403.9998,1781.811,49
18.68155,754.8733,403.9993,1781.794,49
18.69855,754.8799,403.9987,1781.778,49
18.71466,754.887,403.9982,1781.762,49
18.73123,754.8936,403.9976,1781.746,49
18.74823,754.9005,403.9971,1781.73,49
18.76436,754.9075,403.9965,1781.713,49
18.78123,754.9141,403.996,1781.697,49
18.79823,754.9211,403.9954,1781.681,49
18.81406,754.9281,403.9948,1781.664,49
18.8308,754.9346,403.9943,1781.649,49
18.84779,754.9415,403.9937,1781.632,49
18.86379,754.9485,403.9932,1781.615,49
18.88079,754.9552,403.9926,1781.6,49
18.89779,754.9622,403.992,1781.583,49
18.91379,754.9692,403.9915,1781.567,49
18.93032,754.9758,403.9909,1781.551,49
18.94732,754.9826,403.9904,1781.535,49
18.96332,754.9896,403.9898,1781.518,49
18.97973,754.9963,403.9893,1781.502,49
18.9963,755.003,403.9887,1781.486,49
19.01286,755.0098,403.9882,1781.47,49
19.03013,755.0167,403.9876,1781.454,49
19.04613,755.0238,403.987,1781.437,49
19.06256,755.0304,403.9865,1781.421,49
19.07933,755.0372,403.9859,1781.405,49
19.0957,755.0441,403.9854,1781.389,49
19.11233,755.0508,403.9848,1781.373,49
19.12902,755.0577,403.9843,1781.356,49
19.14602,755.0646,403.9837,1781.34,49
19.16196,755.0716,403.9831,1781.323,49
19.17853,755.0782,403.9826,1781.308,49
19.19541,755.085,403.982,1781.291,49
19.21166,755.0919,403.9814,1781.275,49
19.22823,755.0986,403.9809,1781.259,49
19.24496,755.1055,403.9803,1781.243,49
19.26136,755.1124,403.9798,1781.226,49
19.27796,755.1191,403.9792,1781.21,49
19.29497,755.126,403.9787,1781.194,49
19.31106,755.133,403.9781,1781.177,49
19.32769,755.1396,403.9776,1781.161,49
19.34468,755.1464,403.977,1781.145,49
19.36076,755.1534,403.9764,1781.129,49
19.37741,755.1601,403.9759,1781.113,49
19.39389,755.1669,403.9753,1781.096,49
19.41046,755.1737,403.9748,1781.08,49
19.42703,755.1805,403.9742,1781.064,49
19.44361,755.1874,403.9737,1781.048,49
19.46062,755.1942,403.9731,1781.031,49
19.47697,755.2012,403.9725,1781.015,49
19.49329,755.2079,403.972,1780.999,49
19.51015,755.2147,403.9714,1780.983,49
19.52643,755.2216,403.9709,1780.966,49
19.54299,755.2283,403.9703,1780.95,49
19.5597,755.2351,403.9698,1780.934,49
19.57643,755.2419,403.9692,1780.918,49
19.59269,755.2488,403.9686,1780.901,49
19.60943,755.2556,403.9681,1780.885,49
19.62596,755.2625,403.9675,1780.869,49
19.64296,755.2692,403.967,1780.853,49
19.65896,755.2762,403.9664,1780.836,49
19.67575,755.2828,403.9659,1780.82,49
19.69275,755.2897,403.9653,1780.804,49
19.70876,755.2967,403.9647,1780.787,49
19.72532,755.3033,403.9642,1780.771,49
19.74192,755.3101,403.9636,1780.755,49
19.75836,755.3169,403.9631,1780.739,49
19.77493,755.3237,403.9625,1780.723,49
19.79149,755.3305,403.962,1780.707,49
19.80806,755.3373,403.9614,1780.69,49
19.82463,755.3441,403.9608,1780.674,49
19.84119,755.3509,403.9603,1780.658,49
19.85794,755.3577,403.9597,1780.642,49
19.87433,755.3646,403.9592,1780.625,49
19.89095,755.3713,403.9586,1780.609,49
19.90746,755.3782,403.9581,1780.593,49
19.92403,755.3849,403.9575,1780.577,49
19.94063,755.3917,403.957,1780.56,49
19.95763,755.3986,403.9564,1780.544,50
19.97404,755.4056,403.9558,1780.527,50
19.9903,755.4123,403.9553,1780.511,50
20.00686,755.4189,403.9547,1780.495,50
20.02343,755.4258,403.9542,1780.479,50
20.0404,755.4326,403.9536,1780.463,50
20.05656,755.4396,403.9531,1780.446,50
20.07331,755.4462,403.9525,1780.43,50
20.08969,755.4531,403.9519,1780.414,50
20.10631,755.4598,403.9514,1780.398,50
20.12331,755.4666,403.9508,1780.381,50
20.13939,755.4736,403.9503,1780.365,50
20.15607,755.4802,403.9497,1780.349,50
20.17253,755.4871,403.9492,1780.333,50
20.18909,755.4938,403.9486,1780.316,50
20.20566,755.5006,403.9481,1780.3,50
20.22223,755.5074,403.9475,1780.284,50
20.23886,755.5142,403.947,1780.268,50
20.25536,755.521,403.9464,1780.251,50
20.27193,755.5278,403.9458,1780.235,50
20.28872,755.5346,403.9453,1780.219,50
20.30506,755.5414,403.9447,1780.202,50
20.32223,755.5482,403.9442,1780.186,50
20.3382,755.5552,403.9436,1780.169,50
20.35513,755.5618,403.9431,1780.154,50
20.37133,755.5687,403.9425,1780.137,50
20.38813,755.5753,403.942,1780.121,50
20.40446,755.5822,403.9414,1780.105,50
20.42113,755.5889,403.9408,1780.089,50
20.43759,755.5958,403.9403,1780.072,50
20.45429,755.6025,403.9397,1780.056,50
20.47129,755.6094,403.9391,1780.04,50
20.48729,755.6163,403.9386,1780.023,50
20.50395,755.6229,403.938,1780.007,50
20.52043,755.6297,403.9375,1779.991,50
20.53708,755.6365,403.937,1779.975,50
20.55408,755.6433,403.9364,1779.958,50
20.57013,755.6503,403.9358,1779.942,50
20.58669,755.6569,403.9353,1779.926,50
20.60326,755.6636,403.9347,1779.91,50
20.62008,755.6704,403.9342,1779.894,50
20.63669,755.6773,403.9336,1779.877,50
20.65296,755.6841,403.933,1779.861,50
20.66953,755.6908,403.9325,1779.845,50
20.68627,755.6976,403.9319,1779.828,50
20.70266,755.7044,403.9314,1779.812,50
20.71927,755.7111,403.9308,1779.796,50
20.7358,755.718,403.9303,1779.78,50
20.75313,755.7247,403.9297,1779.763,50
20.76893,755.7318,403.9291,1779.746,50
20.7855,755.7383,403.9286,1779.731,50
20.80212,755.7451,403.9281,1779.715,50
20.81912,755.7518,403.9275,1779.698,50
20.83519,755.7588,403.9269,1779.682,50
20.85212,755.7654,403.9264,1779.666,50
20.86912,755.7723,403.9258,1779.649,50
20.88512,755.7793,403.9253,1779.632,50
20.90146,755.7858,403.9247,1779.617,50
20.91812,755.7925,403.9242,1779.601,50
20.93512,755.7993,403.9236,1779.584,50
20.95116,755.8063,403.923,1779.568,50
20.96812,755.8129,403.9225,1779.552,50
20.98512,755.8198,403.9219,1779.535,50
21.00086,755.8267,403.9214,1779.518,50
21.01786,755.8332,403.9208,1779.503,50
21.034,755.8401,403.9203,1779.486,50
21.05093,755.8467,403.9197,1779.47,50
21.06713,755.8536,403.9192,1779.454,50
21.08393,755.8603,403.9186,1779.438,50
21.10026,755.8671,403.9181,1779.421,50
21.11693,755.8738,403.9175,1779.405,50
21.13346,755.8806,403.917,1779.389,50
21.15046,755.8874,403.9164,1779.373,50
21.16653,755.8943,403.9158,1779.356,50
21.18346,755.9009,403.9153,1779.34,50
21.19966,755.9078,403.9147,1779.324,50
21.21646,755.9144,403.9142,1779.308,50
21.23351,755.9213,403.9136,1779.291,50
21.24936,755.9283,403.9131,1779.274,50
21.26608,755.9348,403.9125,1779.259,50
21.2825,755.9416,403.912,1779.242,50
21.29943,755.9483,403.9114,1779.226,50
21.31563,755.9552,403.9108,1779.21,50
21.33242,755.9619,403.9103,1779.194,50
21.34942,755.9687,403.9097,1779.177,50
21.36542,755.9756,403.9092,1779.161,50
21.3819,755.9822,403.9086,1779.145,50
21.39863,755.9889,403.9081,1779.129,50
21.41503,755.9957,403.9075,1779.112,50
21.4316,756.0024,403.907,1779.096,50
21.44823,756.0092,403.9064,1779.08,50
21.46523,756.016,403.9059,1779.063,50
21.4813,756.0229,403.9053,1779.047,50
21.49802,756.0295,403.9048,1779.031,50
21.51443,756.0363,403.9042,1779.014,50
21.53102,756.043,403.9037,1778.998,50
21.54757,756.0498,403.9031,1778.982,50
21.56503,756.0566,403.9025,1778.966,50
21.58103,756.0637,403.9019,1778.949,50
21.59727,756.0702,403.9014,1778.933,50
21.61403,756.0768,403.9009,1778.917,50
21.63103,756.0837,403.9003,1778.9,50
21.64703,756.0906,403.8997,1778.884,50
21.66374,756.0972,403.8992,1778.868,50
21.6807,756.1039,403.8987,1778.852,50
21.69671,756.1109,403.8981,1778.835,50
21.71371,756.1174,403.8976,1778.819,50
21.7298,756.1243,403.897,1778.802,50
21.74637,756.1309,403.8965,1778.787,50
21.76308,756.1377,403.8959,1778.77,50
21.78004,756.1445,403.8953,1778.754,50
21.79606,756.1514,403.8947,1778.737,50
21.81304,756.158,403.8942,1778.721,50
21.8292,756.1649,403.8936,1778.705,50
21.84604,756.1714,403.8931,1778.689,50
21.86304,756.1783,403.8925,1778.672,50
21.87895,756.1852,403.892,1778.656,50
21.89594,756.1918,403.8914,1778.64,50
21.91203,756.1987,403.8909,1778.623,50
21.9286,756.2053,403.8904,1778.607,50
21.94517,756.212,403.8898,1778.591,50
21.96173,756.2188,403.8893,1778.575,50
21.97859,756.2255,403.8887,1778.558,50
21.99521,756.2324,403.8881,1778.542,50
22.01143,756.2391,403.8876,1778.526,50
22.0282,756.2457,403.887,1778.51,50
22.0452,756.2526,403.8865,1778.493,50
22.0612,756.2595,403.8859,1778.476,50
22.07788,756.2661,403.8853,1778.461,50
22.09426,756.2728,403.8848,1778.444,50
22.11087,756.2795,403.8842,1778.428,50
22.12752,756.2863,403.8837,1778.412,50
22.14396,756.293,403.8831,1778.395,50
22.16053,756.2997,403.8826,1778.379,50
22.17765,756.3065,403.882,1778.363,50
22.19367,756.3135,403.8815,1778.346,50
22.21023,756.32,403.8809,1778.33,50
22.22716,756.3267,403.8804,1778.314,50
22.24337,756.3336,403.8798,1778.297,50
22.25993,756.3402,403.8793,1778.281,50
22.2765,756.347,403.8787,1778.265,50
22.29336,756.3537,403.8782,1778.249,50
22.30963,756.3606,403.8776,1778.232,50
22.32635,756.3672,403.877,1778.216,50
22.34335,756.374,403.8765,1778.2,50
22.35936,756.3809,403.8759,1778.183,50
22.3759,756.3875,403.8754,1778.167,50
22.39249,756.3942,403.8748,1778.151,50
22.40903,756.4009,403.8743,1778.135,50
22.4256,756.4077,403.8737,1778.119,50
22.44218,756.4144,403.8732,1778.102,50
22.45918,756.4211,403.8726,1778.086,50
22.4753,756.428,403.8721,1778.069,50
22.49186,756.4346,403.8715,1778.053,50
22.50871,756.4413,403.871,1778.037,50
22.525,756.4482,403.8704,1778.02,50
22.54225,756.4548,403.8699,1778.004,50
22.55825,756.4619,403.8693,1777.987,50
22.57525,756.4684,403.8687,1777.972,50
22.59126,756.4753,403.8682,1777.955,50
22.60825,756.4818,403.8676,1777.939,50
22.6244,756.4887,403.8671,1777.922,50
22.64096,756.4952,403.8665,1777.907,50
22.65826,756.502,403.866,1777.89,50
22.67421,756.509,403.8654,1777.873,50
22.69121,756.5155,403.8649,1777.858,50
22.70723,756.5224,403.8643,1777.841,50
22.7238,756.5289,403.8638,1777.825,50
22.74065,756.5356,403.8632,1777.809,50
22.75693,756.5425,403.8627,1777.792,50
22.7735,756.5491,403.8621,1777.776,50
22.79019,756.5558,403.8616,1777.76,50
22.80663,756.5627,403.861,1777.743,50
22.8232,756.5693,403.8605,1777.727,50
22.84019,756.576,403.8599,1777.711,50
22.85633,756.583,403.8593,1777.694,50
22.8729,756.5895,403.8588,1777.678,50
22.88947,756.5963,403.8582,1777.662,50
22.90609,756.603,403.8577,1777.646,50
22.9226,756.6097,403.8571,1777.629,50
22.93945,756.6165,403.8566,1777.613,50
22.95573,756.6233,403.856,1777.596,50
22.97232,756.6299,403.8555,1777.58,50
22.98887,756.6367,403.8549,1777.564,50
23.00544,756.6434,403.8544,1777.548,50
23.022,756.6501,403.8538,1777.531,50
23.03874,756.6569,403.8533,1777.515,50
23.05573,756.6636,403.8527,1777.499,50
23.07225,756.6705,403.8521,1777.482,50
23.08827,756.6772,403.8516,1777.466,50
23.10483,756.6837,403.8511,1777.45,50
23.1214,756.6905,403.8505,1777.434,50
23.13797,756.6972,403.8499,1777.417,50
23.15453,756.7039,403.8494,1777.401,50
23.17194,756.7106,403.8488,1777.385,50
23.18794,756.7177,403.8483,1777.368,50
23.20423,756.7242,403.8477,1777.352,50
23.22094,756.7308,403.8472,1777.336,50
23.23746,756.7376,403.8466,1777.319,50
23.25446,756.7443,403.8461,1777.303,50
23.27102,756.7512,403.8455,1777.286,50
23.28707,756.7579,403.845,1777.27,50
23.30401,756.7644,403.8444,1777.254,50
23.32101,756.7713,403.8439,1777.238,50
23.33708,756.7782,403.8433,1777.221,50
23.35333,756.7847,403.8428,1777.205,50
23.3699,756.7913,403.8422,1777.189,50
23.38671,756.798,403.8417,1777.173,50
23.40371,756.8049,403.8411,1777.156,50
23.41972,756.8118,403.8405,1777.139,50
23.43672,756.8182,403.84,1777.124,50
23.45273,756.8251,403.8394,1777.107,50
23.4693,756.8316,403.8389,1777.091,50
23.48587,756.8384,403.8383,1777.075,50
23.50272,756.8451,403.8378,1777.058,50
23.519,756.8519,403.8372,1777.042,50
23.53572,756.8585,403.8367,1777.026,50
23.55213,756.8653,403.8362,1777.009,50
23.56871,756.8719,403.8356,1776.993,50
23.58526,756.8787,403.8351,1776.977,50
23.60183,756.8854,403.8345,1776.96,50
23.61871,756.8921,403.8339,1776.944,51
23.63496,756.8989,403.8334,1776.927,51
23.65153,756.9055,403.8328,1776.911,51
23.6681,756.9122,403.8323,1776.895,51
23.68531,756.9189,403.8317,1776.879,51
23.70131,756.9259,403.8311,1776.862,51
23.7178,756.9324,403.8306,1776.846,51
23.73436,756.9391,403.8301,1776.83,51
23.75137,756.9458,403.8295,1776.814,51
23.7675,756.9527,403.8289,1776.797,51
23.78436,756.9592,403.8284,1776.781,51
23.80136,756.9661,403.8279,1776.764,51
23.81736,756.973,403.8273,1776.748,51
23.83436,756.9794,403.8268,1776.732,51
23.85036,756.9863,403.8262,1776.715,51
23.8669,756.9928,403.8257,1776.699,51
23.88436,756.9995,403.8251,1776.683,51
23.90036,757.0065,403.8245,1776.666,51
23.9166,757.0131,403.824,1776.65,51
23.93317,757.0196,403.8235,1776.634,51
23.94973,757.0263,403.8229,1776.618,51
23.96672,757.033,403.8224,1776.601,51
23.98287,757.0399,403.8218,1776.585,51
24.00027,757.0464,403.8212,1776.569,51
24.01626,757.0535,403.8206,1776.552,51
24.03326,757.06,403.8201,1776.536,51
24.04926,757.0668,403.8195,1776.519,51
24.06626,757.0733,403.819,1776.503,51
24.08227,757.0802,403.8185,1776.487,51
24.09883,757.0867,403.8179,1776.471,51
24.11579,757.0934,403.8174,1776.454,51
24.13279,757.1003,403.8168,1776.438,51
24.14879,757.1071,403.8163,1776.421,51
24.16549,757.1136,403.8157,1776.405,51
24.18249,757.1204,403.8152,1776.389,51
24.19849,757.1273,403.8146,1776.372,51
24.21549,757.1337,403.8141,1776.356,51
24.23149,757.1406,403.8135,1776.339,51
24.24859,757.1471,403.813,1776.324,51
24.2646,757.154,403.8124,1776.307,51
24.28107,757.1605,403.8119,1776.291,51
24.29764,757.1671,403.8113,1776.275,51
24.3142,757.1738,403.8108,1776.259,51
24.33077,757.1805,403.8102,1776.242,51
24.3476,757.1873,403.8097,1776.226,51
24.3639,757.194,403.8091,1776.209,51
24.38059,757.2006,403.8086,1776.193,51
24.39704,757.2074,403.808,1776.177,51
24.41409,757.2141,403.8074,1776.161,51
24.43017,757.2209,403.8069,1776.144,51
24.4471,757.2274,403.8063,1776.128,51
24.46409,757.2343,403.8058,1776.111,51
24.48009,757.2411,403.8052,1776.094,51
24.4971,757.2476,403.8047,1776.079,51
24.51309,757.2545,403.8041,1776.062,51
24.5301,757.261,403.8036,1776.046,51
24.54614,757.2678,403.803,1776.029,51
24.5631,757.2744,403.8025,1776.014,51
24.57927,757.2812,403.8019,1775.997,51
24.59603,757.2877,403.8014,1775.981,51
24.61302,757.2945,403.8008,1775.964,51
24.62897,757.3014,403.8003,1775.948,51
24.64554,757.3078,403.7997,1775.932,51
24.6621,757.3145,403.7992,1775.916,51
24.67867,757.3212,403.7986,1775.899,51
24.6961,757.3279,403.7981,1775.883,51
24.7121,757.335,403.7975,1775.866,51
24.72837,757.3414,403.797,1775.85,51
24.74494,757.348,403.7964,1775.834,51
24.76151,757.3547,403.7959,1775.818,51
24.7781,757.3614,403.7953,1775.801,51
24.79464,757.368,403.7948,1775.785,51
24.81121,757.3748,403.7942,1775.769,51
24.82811,757.3814,403.7937,1775.752,51
24.84434,757.3882,403.7931,1775.736,51
24.8611,757.3948,403.7926,1775.719,51
24.87747,757.4016,403.792,1775.703,51
24.89404,757.4082,403.7915,1775.687,51
24.91061,757.4149,403.7909,1775.671,51
24.92718,757.4216,403.7903,1775.654,51
24.94411,757.4283,403.7898,1775.638,51
24.9611,757.4351,403.7892,1775.621,51
24.97687,757.442,403.7887,1775.604,51
24.99344,757.4484,403.7881,1775.589,51
25.01001,757.455,403.7876,1775.573,51
25.02667,757.4617,403.787,1775.556,51
25.04367,757.4684,403.7865,1775.54,51
25.05971,757.4753,403.7859,1775.523,51
25.07627,757.4818,403.7854,1775.507,51
25.09284,757.4885,403.7849,1775.491,51
25.10967,757.4952,403.7843,1775.474,51
25.12597,757.502,403.7838,1775.458,51
25.14267,757.5085,403.7832,1775.442,51
25.15967,757.5153,403.7827,1775.425,51
25.17568,757.5222,403.7821,1775.409,51
25.19267,757.5286,403.7816,1775.393,51
25.20967,757.5355,403.781,1775.376,51
25.22567,757.5423,403.7804,1775.359,51
25.24194,757.5488,403.7799,1775.344,51
25.25867,757.5554,403.7793,1775.327,51
25.27567,757.5621,403.7788,1775.311,51
25.29167,757.569,403.7782,1775.294,51
25.30821,757.5754,403.7777,1775.278,51
25.32477,757.5821,403.7771,1775.262,51
25.34134,757.5887,403.7766,1775.246,51
25.35791,757.5955,403.776,1775.229,51
25.37467,757.6021,403.7755,1775.213,51
25.39104,757.6089,403.7749,1775.197,51
25.40767,757.6155,403.7744,1775.18,51
25.42417,757.6222,403.7738,1775.164,51
25.44074,757.6288,403.7733,1775.148,51
25.45767,757.6355,403.7727,1775.131,51
25.47387,757.6423,403.7722,1775.115,51
25.49076,757.6489,403.7716,1775.099,51
25.50767,757.6557,403.7711,1775.082,51
25.52357,757.6625,403.7705,1775.065,51
25.54018,757.6689,403.77,1775.05,51
25.55671,757.6756,403.7694,1775.033,51
25.57364,757.6823,403.7689,1775.017,51
25.58984,757.6891,403.7683,1775,51
25.60641,757.6957,403.7678,1774.984,51
25.62297,757.7023,403.7672,1774.968,51
25.64013,757.709,403.7667,1774.952,51
25.65613,757.7159,403.7661,1774.935,51
25.67281,757.7224,403.7656,1774.919,51
25.68924,757.7291,403.765,1774.902,51
25.70581,757.7357,403.7645,1774.886,51
25.72237,757.7424,403.7639,1774.87,51
25.73894,757.7491,403.7634,1774.853,51
25.75584,757.7557,403.7628,1774.837,51
25.77244,757.7626,403.7623,1774.82,51
25.78944,757.7692,403.7617,1774.804,51
25.80544,757.7761,403.7611,1774.787,51
25.82244,757.7825,403.7606,1774.771,51
25.83895,757.7894,403.76,1774.755,51
25.85495,757.796,403.7595,1774.738,51
25.87216,757.8025,403.759,1774.723,51
25.88816,757.8094,403.7584,1774.706,51
25.90516,757.8159,403.7579,1774.69,51
25.92118,757.8227,403.7573,1774.673,51
25.93817,757.8292,403.7568,1774.657,51
25.95431,757.836,403.7562,1774.641,51
25.97119,757.8425,403.7557,1774.625,51
25.98771,757.8493,403.7551,1774.608,51
26.00401,757.856,403.7545,1774.592,51
26.02071,757.8625,403.754,1774.576,51
26.03714,757.8693,403.7535,1774.559,51
26.05371,757.8759,403.7529,1774.543,51
26.07029,757.8826,403.7524,1774.526,51
26.08729,757.8892,403.7518,1774.51,51
26.10341,757.8961,403.7513,1774.493,51
26.12029,757.9026,403.7507,1774.477,51
26.13654,757.9094,403.7502,1774.461,51
26.15329,757.9159,403.7496,1774.445,51
26.16988,757.9227,403.7491,1774.428,51
26.18624,757.9293,403.7485,1774.412,51
26.20288,757.9359,403.748,1774.396,51
26.21988,757.9426,403.7474,1774.379,51
26.23594,757.9495,403.7469,1774.362,51
26.25253,757.9559,403.7463,1774.347,51
26.26908,757.9626,403.7458,1774.33,51
26.28653,757.9692,403.7452,1774.314,51
26.30253,757.9763,403.7446,1774.297,51
26.31878,757.9827,403.7441,1774.281,51
26.33553,757.9893,403.7436,1774.265,51
26.35191,757.996,403.743,1774.248,51
26.36853,758.0026,403.7425,1774.232,51
26.38504,758.0093,403.7419,1774.216,51
26.40161,758.0159,403.7414,1774.199,51
26.41817,758.0226,403.7408,1774.183,51
26.43539,758.0293,403.7403,1774.167,51
26.45139,758.0362,403.7397,1774.15,51
26.46839,758.0426,403.7392,1774.134,51
26.48444,758.0495,403.7386,1774.117,51
26.50101,758.0559,403.7381,1774.101,51
26.5184,758.0626,403.7375,1774.085,51
26.53414,758.0696,403.7369,1774.068,51
26.5507,758.0759,403.7364,1774.052,51
26.56738,758.0826,403.7359,1774.036,51
26.58384,758.0893,403.7353,1774.019,51
26.6004,758.0959,403.7348,1774.003,51
26.61739,758.1026,403.7342,1773.987,51
26.63439,758.1094,403.7336,1773.97,51
26.6501,758.1163,403.7331,1773.953,51
26.66667,758.1226,403.7326,1773.938,51
26.68324,758.1292,403.732,1773.921,51
26.6998,758.1359,403.7315,1773.905,51
26.71637,758.1426,403.7309,1773.889,51
26.73294,758.1492,403.7304,1773.872,51
26.74951,758.1559,403.7298,1773.856,51
26.76639,758.1625,403.7293,1773.84,51
26.78264,758.1693,403.7287,1773.823,51
26.79939,758.1758,403.7282,1773.807,51
26.81577,758.1826,403.7276,1773.79,51
26.83239,758.1892,403.7271,1773.774,51
26.84939,758.1959,403.7265,1773.758,51
26.86547,758.2027,403.726,1773.741,51
26.88239,758.2092,403.7254,1773.725,51
26.89939,758.2159,403.7249,1773.708,51
26.91517,758.2228,403.7243,1773.692,51
26.93174,758.2291,403.7238,1773.676,51
26.94838,758.2358,403.7232,1773.66,51
26.96487,758.2425,403.7227,1773.643,51
26.98144,758.2491,403.7221,1773.627,51
26.998,758.2558,403.7216,1773.611,51
27.01538,758.2625,403.721,1773.594,51
27.03138,758.2694,403.7205,1773.577,51
27.04771,758.2759,403.7199,1773.561,51
27.06427,758.2824,403.7194,1773.545,51
27.08084,758.2891,403.7188,1773.529,51
27.09741,758.2957,403.7183,1773.512,51
27.11438,758.3024,403.7177,1773.496,51
27.13054,758.3092,403.7172,1773.479,51
27.14738,758.3157,403.7166,1773.463,51
27.16367,758.3224,403.7161,1773.447,51
27.18038,758.329,403.7155,1773.431,51
27.19738,758.3357,403.715,1773.414,51
27.21338,758.3425,403.7144,1773.397,51
27.23038,758.349,403.7139,1773.381,51
27.24651,758.3558,403.7133,1773.365,51
27.26339,758.3623,403.7128,1773.349,51
27.27964,758.3691,403.7122,1773.332,51
27.29621,758.3756,403.7117,1773.316,51
27.31277,758.3823,403.7112,1773.3,51
27.32938,758.3889,403.7106,1773.283,51
27.34591,758.3956,403.7101,1773.267,51
27.36247,758.4022,403.7095,1773.251,51
27.37904,758.4089,403.709,1773.234,51
27.39638,758.4155,403.7084,1773.218,51
27.41217,758.4225,403.7078,1773.201,51
27.42889,758.4288,403.7073,1773.185,51
27.44559,758.4355,403.7067,1773.169,51
27.46187,758.4423,403.7062,1773.152,51
27.47859,758.4488,403.7057,1773.136,51
27.49559,758.4555,403.7051,1773.12,51
27.51159,758.4623,403.7045,1773.103,51
27.52814,758.4688,403.704,1773.087,51
27.54471,758.4754,403.7035,1773.071,51
27.56159,758.4821,403.7029,1773.054,51
27.57784,758.4888,403.7023,1773.038,51
27.59459,758.4954,403.7018,1773.021,51
27.61098,758.5021,403.7012,1773.005,51
27.62754,758.5087,403.7007,1772.989,51
27.64459,758.5153,403.7002,1772.972,51
27.66068,758.5222,403.6996,1772.956,51
27.67724,758.5286,403.6991,1772.94,51
27.69459,758.5353,403.6985,1772.923,51
27.71059,758.5422,403.6979,1772.906,51
27.72694,758.5486,403.6974,1772.89,51
27.74351,758.5552,403.6969,1772.874,51
27.76008,758.5618,403.6963,1772.858,51
27.77664,758.5685,403.6958,1772.841,51
27.79321,758.5751,403.6952,1772.825,51
27.80978,758.5818,403.6947,1772.809,51
27.82659,758.5884,403.6941,1772.792,51
27.84291,758.5952,403.6935,1772.776,51
27.85959,758.6017,403.693,1772.76,51
27.87604,758.6085,403.6925,1772.743,51
27.89261,758.6151,403.6919,1772.727,51
27.9096,758.6217,403.6914,1772.711,51
27.92659,758.6285,403.6908,1772.694,51
27.94259,758.6353,403.6902,1772.677,51
27.95959,758.6417,403.6897,1772.661,51
27.9756,758.6486,403.6891,1772.644,51
27.99259,758.655,403.6886,1772.629,51
28.00859,758.6618,403.688,1772.612,51
28.02559,758.6682,403.6875,1772.596,51
28.04171,758.675,403.687,1772.579,51
28.05859,758.6815,403.6864,1772.563,51
28.07484,758.6883,403.6859,1772.547,51
28.09159,758.6948,403.6853,1772.531,51
28.10798,758.7015,403.6848,1772.514,51
28.12459,758.7081,403.6842,1772.498,51
28.14111,758.7147,403.6837,1772.481,51
28.15811,758.7214,403.6831,1772.465,51
28.17425,758.7282,403.6826,1772.448,51
28.19081,758.7347,403.682,1772.432,51
28.20738,758.7413,403.6815,1772.416,51
28.22412,758.7479,403.6809,1772.4,51
28.24051,758.7546,403.6804,1772.383,51
28.25708,758.7612,403.6798,1772.367,51
28.27378,758.7679,403.6793,1772.35,51
28.29078,758.7746,403.6787,1772.334,51
28.30679,758.7814,403.6782,1772.317,51
28.32379,758.7878,403.6776,1772.301,51
28.33991,758.7946,403.6771,1772.285,51
28.35648,758.8011,403.6765,1772.269,51
28.37361,758.8077,403.676,1772.252,51
28.38962,758.8146,403.6754,1772.235,51
28.40661,758.821,403.6749,1772.219,51
28.42284,758.8278,403.6743,1772.203,51
28.43984,758.8344,403.6738,1772.187,51
28.45588,758.8412,403.6732,1772.17,51
28.47245,758.8476,403.6727,1772.154,51
28.48926,758.8542,403.6721,1772.138,51
28.50558,758.861,403.6716,1772.121,51
28.52225,758.8675,403.6711,1772.105,51
28.53878,758.8742,403.6705,1772.088,51
28.55528,758.8808,403.67,1772.072,51
28.57193,758.8875,403.6694,1772.056,51
28.58841,758.8941,403.6689,1772.039,51
28.60498,758.9007,403.6683,1772.023,51
28.62154,758.9073,403.6678,1772.007,51
28.63811,758.914,403.6672,1771.99,51
28.65493,758.9207,403.6667,1771.974,51
28.67144,758.9274,403.6661,1771.957,51
28.68781,758.934,403.6656,1771.941,51
28.70444,758.9406,403.665,1771.925,51
28.72144,758.9472,403.6645,1771.908,51
28.73751,758.954,403.6639,1771.891,51
28.75411,758.9604,403.6634,1771.876,51
28.77081,758.9671,403.6628,1771.859,51
28.78781,758.9738,403.6623,1771.843,51
28.80381,758.9807,403.6617,1771.826,51
28.82034,758.9871,403.6612,1771.81,51
28.83691,758.9937,403.6606,1771.794,51
28.85433,759.0003,403.6601,1771.777,51
28.87004,759.0073,403.6595,1771.76,51
28.88661,759.0135,403.659,1771.745,51
28.90386,759.0202,403.6584,1771.728,51
28.91986,759.0271,403.6579,1771.711,51
28.93631,759.0335,403.6573,1771.695,51
28.95288,759.0401,403.6568,1771.679,51
28.96944,759.0468,403.6563,1771.663,51
28.98657,759.0534,403.6557,1771.646,51
29.00258,759.0602,403.6551,1771.629,51
29.01957,759.0667,403.6546,1771.614,51
29.03571,759.0735,403.6541,1771.597,51
29.05228,759.08,403.6535,1771.581,51
29.06914,759.0865,403.653,1771.564,51
29.08541,759.0933,403.6524,1771.548,51
29.10214,759.0999,403.6519,1771.532,51
29.11854,759.1066,403.6513,1771.515,51
29.13513,759.1131,403.6508,1771.499,51
29.15213,759.1198,403.6502,1771.483,51
29.16824,759.1266,403.6497,1771.466,51
29.18519,759.133,403.6491,1771.45,51
29.20138,759.1398,403.6486,1771.433,51
29.21819,759.1463,403.648,1771.417,51
29.23451,759.153,403.6475,1771.401,51
29.25119,759.1595,403.6469,1771.384,51
29.26764,759.1663,403.6464,1771.368,51
29.28421,759.1729,403.6458,1771.352,51
29.30078,759.1794,403.6453,1771.335,51
29.31734,759.1861,403.6447,1771.319,51
29.33419,759.1927,403.6442,1771.302,51
29.35048,759.1995,403.6436,1771.286,51
29.36704,759.206,403.6431,1771.27,51
29.3842,759.2126,403.6425,1771.253,51
29.4002,759.2195,403.642,1771.236,51
29.41674,759.2259,403.6414,1771.221,51
29.43331,759.2325,403.6409,1771.204,51
29.44987,759.2391,403.6404,1771.188,51
29.46644,759.2458,403.6398,1771.172,51
29.48301,759.2524,403.6393,1771.155,51
29.50019,759.259,403.6387,1771.139,51
29.51619,759.2659,403.6381,1771.122,51
29.53319,759.2723,403.6376,1771.106,51
29.54927,759.2792,403.637,1771.089,51
29.56584,759.2856,403.6365,1771.073,51
29.58241,759.2922,403.636,1771.057,51
29.59941,759.2988,403.6354,1771.04,51
29.61554,759.3057,403.6349,1771.024,51
29.63242,759.3121,403.6343,1771.008,51
29.64867,759.3188,403.6338,1770.991,51
29.66524,759.3254,403.6332,1770.975,51
29.68209,759.332,403.6327,1770.958,51
29.69837,759.3387,403.6321,1770.942,51
29.71494,759.3453,403.6316,1770.926,51
29.73151,759.3519,403.631,1770.909,51
29.74809,759.3585,403.6305,1770.893,51
29.76509,759.3652,403.6299,1770.877,51
29.78132,759.3719,403.6294,1770.86,51
29.79832,759.3785,403.6288,1770.844,51
29.81434,759.3853,403.6283,1770.827,51
29.83132,759.3917,403.6277,1770.811,51
29.84748,759.3985,403.6272,1770.794,51
29.86432,759.405,403.6266,1770.778,51
29.88084,759.4117,403.6261,1770.762,51
29.89718,759.4183,403.6255,1770.745,51
29.91384,759.4248,403.625,1770.729,51
29.93085,759.4315,403.6245,1770.713,51
29.94688,759.4383,403.6239,1770.696,51
29.96384,759.4447,403.6234,1770.68,51
29.98001,759.4515,403.6228,1770.663,51
29.997,759.458,403.6223,1770.647,51
30.01314,759.4648,403.6217,1770.63,51
30.02999,759.4713,403.6212,1770.615,51
30.04628,759.478,403.6206,1770.598,51
30.063,759.4845,403.6201,1770.582,51
30.08004,759.4912,403.6195,1770.565,51
30.09604,759.498,403.6189,1770.548,51
30.11304,759.5044,403.6184,1770.533,51
30.12911,759.5112,403.6179,1770.516,51
30.14604,759.5176,403.6173,1770.5,51
30.16304,759.5244,403.6168,1770.483,51
30.17881,759.5312,403.6162,1770.466,51
30.19538,759.5375,403.6157,1770.451,51
